review_id,example_id,direction,source_language,target_language,source_dataset,source_config,source_split,source_record_id,original_source_text,original_reference_text,reference_translation,candidate_translation,internal_quality_bucket,candidate_generation_method,dataset_version
MR-001,TASKA-ENZH-053,en-zh,English,Mandarin Chinese,FradSer/OpenSubtitles-en-zh-cn-20m,,train,12789427,I changed my hair.,我改變了髮型,我改變了髮型,我改變髮型,medium,minor_function_character_omission,v1.0
MR-002,TASKA-ENZH-041,en-zh,English,Mandarin Chinese,FradSer/OpenSubtitles-en-zh-cn-20m,,train,11615193,And that's why you're my favorite.,所以你是我最喜歡的,所以你是我最喜歡的,所以你是我最喜歡的,high,reference_preserved_no_intentional_error,v1.0
MR-003,TASKA-ENZH-049,en-zh,English,Mandarin Chinese,FradSer/OpenSubtitles-en-zh-cn-20m,,train,6391502,"- Pills. MDMA, no big deal.",-药丸·摇头丸，没啥大不了的,-药丸·摇头丸，没啥大不了的,-药丸·摇头,very_low,severe_translation_omission,v1.0
MR-004,TASKA-ZHEN-026,zh-en,Mandarin Chinese,English,FradSer/OpenSubtitles-en-zh-cn-20m,,train,3936478,"And with sex, it's even better.",而与性别，甚至更好。,"And with sex, it's even better.",And with even better.,low,substantial_contiguous_content_omission,v1.0
MR-005,TASKA-ENZH-086,en-zh,English,Mandarin Chinese,FradSer/OpenSubtitles-en-zh-cn-20m,,train,1687272,You're old enough to stand with the men now. Go on.,您已经很大，可以 与男人站在一起。,您已经很大，可以 与男人站在一起。,您已经很大可以 与男人站在一起。,medium,minor_punctuation_omission,v1.0
MR-006,TASKA-ZHEN-073,zh-en,Mandarin Chinese,English,FradSer/OpenSubtitles-en-zh-cn-20m,,train,19186345,- Was. Would be. Would have been.,本来是 应该是 本来应该是,- Was. Would be. Would have been.,- Was. Would have been.,low,substantial_contiguous_content_omission,v1.0
MR-007,TASKA-ZHEN-047,zh-en,Mandarin Chinese,English,FradSer/OpenSubtitles-en-zh-cn-20m,,train,10434688,"Nice work, you two.",你们俩 做得好啊,"Nice work, you two.",Nice work you two.,medium,minor_punctuation_omission,v1.0
MR-008,TASKA-ENZH-064,en-zh,English,Mandarin Chinese,FradSer/OpenSubtitles-en-zh-cn-20m,,train,5006240,This is good luck where I come from.,在我的故乡 它象征着好运,在我的故乡 它象征着好运,This is good luck where I come from.,very_low,wrong_language_source_copy,v1.0
MR-009,TASKA-ENZH-094,en-zh,English,Mandarin Chinese,FradSer/OpenSubtitles-en-zh-cn-20m,,train,13975684,I went fishing on it one time.,我上次还用它打渔呢,我上次还用它打渔呢,我上次还用它打渔,medium,minor_discourse_particle_omission,v1.0
MR-010,TASKA-ZHEN-003,zh-en,Mandarin Chinese,English,FradSer/OpenSubtitles-en-zh-cn-20m,,train,4172616,"- Believe me, I'm not interested.",- 相信我，我没兴趣,"- Believe me, I'm not interested.",- Believe me I'm not interested.,medium,minor_punctuation_omission,v1.0
MR-011,TASKA-ZHEN-001,zh-en,Mandarin Chinese,English,FradSer/OpenSubtitles-en-zh-cn-20m,,train,17900552,"I knew nothing about life, or about myself... until you came along.",在你出现之前 我对生命 和自己一无所知,"I knew nothing about life, or about myself... until you came along.",I knew nothing about... until you came along.,low,substantial_contiguous_content_omission,v1.0
MR-012,TASKA-ZHEN-029,zh-en,Mandarin Chinese,English,FradSer/OpenSubtitles-en-zh-cn-20m,,train,16605893,The microwave doesn't work. What a night. What are the odds?,微波炉坏了 今晚真糟糕 怎么全赶上了？,The microwave doesn't work. What a night. What are the odds?,The microwave doesn't work. What a night. What are the odds,medium,minor_terminal_punctuation_omission,v1.0
MR-013,TASKA-ZHEN-064,zh-en,Mandarin Chinese,English,FradSer/OpenSubtitles-en-zh-cn-20m,,train,17490283,♪ Leaving Queens There's no way I'll let him ♪,我们要离开皇后区 我绝不允许他,♪ Leaving Queens There's no way I'll let him ♪,♪ Leaving Queens There's no way I'll let him ♪,high,reference_preserved_no_intentional_error,v1.0
MR-014,TASKA-ENZH-002,en-zh,English,Mandarin Chinese,FradSer/OpenSubtitles-en-zh-cn-20m,,train,19242688,But to send these kids to a good school or let them do extracurricular activities...,但我想让他们 去上好一点的学校 学习更多的才艺,但我想让他们 去上好一点的学校 学习更多的才艺,但我想让他们 去上好一点学校 学习更多的才艺,medium,minor_function_character_omission,v1.0
MR-015,TASKA-ZHEN-059,zh-en,Mandarin Chinese,English,FradSer/OpenSubtitles-en-zh-cn-20m,,train,12726406,In the rules if the video is more than 30 minutes the prize and reward will be doubled for winners.,参赛细则里 视频长度超过半小时 夺冠后经验等奖励翻倍,In the rules if the video is more than 30 minutes the prize and reward will be doubled for winners.,In the rules if the video is more than 30 minutes the prize and reward will be doubled for winners,medium,minor_terminal_punctuation_omission,v1.0
MR-016,TASKA-ZHEN-058,zh-en,Mandarin Chinese,English,FradSer/OpenSubtitles-en-zh-cn-20m,,train,10161377,"Hey, hey, I thought I was paying you extra not to stop at the reds.",我记得说过要多付你钱 遇到红灯不要停,"Hey, hey, I thought I was paying you extra not to stop at the reds.",我记得说过要多付你钱 遇到红灯不要停,very_low,wrong_language_source_copy,v1.0
MR-017,TASKA-ZHEN-041,zh-en,Mandarin Chinese,English,FradSer/OpenSubtitles-en-zh-cn-20m,,train,8343522,I wish House still came over to play.,我希望豪斯再来玩,I wish House still came over to play.,I wish House still came over to play.,high,reference_preserved_no_intentional_error,v1.0
MR-018,TASKA-ENZH-037,en-zh,English,Mandarin Chinese,FradSer/OpenSubtitles-en-zh-cn-20m,,train,7416963,"Next time you boys come through Rocky Branch,",下次你们这些小子再来这,下次你们这些小子再来这,下次你们这些小子再来这,high,reference_preserved_no_intentional_error,v1.0
MR-019,TASKA-ZHEN-038,zh-en,Mandarin Chinese,English,FradSer/OpenSubtitles-en-zh-cn-20m,,train,15705148,"It's just so hard to talk about it, because... you're just different.",只是因为很难启齿 因为... 你不一样,"It's just so hard to talk about it, because... you're just different.","It's just so hard, because... you're just different.",low,substantial_contiguous_content_omission,v1.0
MR-020,TASKA-ENZH-023,en-zh,English,Mandarin Chinese,FradSer/OpenSubtitles-en-zh-cn-20m,,train,7236172,"Oh, yeah. Who's bad? That's right.",谁凶狠啊，这才对,谁凶狠啊，这才对,谁凶，这才对,low,substantial_contiguous_content_omission,v1.0
MR-021,TASKA-ZHEN-054,zh-en,Mandarin Chinese,English,FradSer/OpenSubtitles-en-zh-cn-20m,,train,17581265,Help me. I'm about to die!,救我 我要死了！,Help me. I'm about to die!,Help me. I'm about to die!,high,reference_preserved_no_intentional_error,v1.0
MR-022,TASKA-ZHEN-076,zh-en,Mandarin Chinese,English,FradSer/OpenSubtitles-en-zh-cn-20m,,train,1064845,They keep her until the insurance runs out.,他们让她直到保险，耗尽。,They keep her until the insurance runs out.,They keep her until the insurance runs out,medium,minor_terminal_punctuation_omission,v1.0
MR-023,TASKA-ENZH-090,en-zh,English,Mandarin Chinese,FradSer/OpenSubtitles-en-zh-cn-20m,,train,11102537,Yes. Covered in all these...,摆满了这些...,摆满了这些...,摆满,very_low,severe_translation_omission,v1.0
MR-024,TASKA-ENZH-085,en-zh,English,Mandarin Chinese,FradSer/OpenSubtitles-en-zh-cn-20m,,train,5284999,My department head said I've gone crazy.,你要是像平时那样把事情搞砸的话,你要是像平时那样把事情搞砸的话,你要是像平时那样把事情搞砸的话,high,reference_preserved_no_intentional_error,v1.0
MR-025,TASKA-ENZH-040,en-zh,English,Mandarin Chinese,FradSer/OpenSubtitles-en-zh-cn-20m,,train,10348934,Gabrielle has the gift.,加布里埃尔有礼物。,加布里埃尔有礼物。,加布里有礼物。,low,substantial_contiguous_content_omission,v1.0
MR-026,TASKA-ZHEN-011,zh-en,Mandarin Chinese,English,FradSer/OpenSubtitles-en-zh-cn-20m,,train,16698941,A pit bull locks their jaw when they get a hold of something?,当比特犬咬住什么东西时 下颌会锁死吧？,A pit bull locks their jaw when they get a hold of something?,A pit bull locks their jaw when they get a hold of something,medium,minor_terminal_punctuation_omission,v1.0
MR-027,TASKA-ENZH-074,en-zh,English,Mandarin Chinese,FradSer/OpenSubtitles-en-zh-cn-20m,,train,16045122,So they got it from some professor.,所以去跟一个那个什么教授拿来的,所以去跟一个那个什么教授拿来的,所以去跟一个那个什么教授拿来的,high,reference_preserved_no_intentional_error,v1.0
MR-028,TASKA-ZHEN-025,zh-en,Mandarin Chinese,English,FradSer/OpenSubtitles-en-zh-cn-20m,,train,10487382,The nine incense sticks he left behind.,他留下的九柱香,The nine incense sticks he left behind.,The nine he left behind.,low,substantial_contiguous_content_omission,v1.0
MR-029,TASKA-ENZH-056,en-zh,English,Mandarin Chinese,FradSer/OpenSubtitles-en-zh-cn-20m,,train,18158433,"Besides, if I had refused, Matthias would be defeated by the enemy.",况且 如果拒绝你们的要求就会与马蒂亚斯为敌,况且 如果拒绝你们的要求就会与马蒂亚斯为敌,"Besides, if I had refused, Matthias would be defeated by the enemy.",very_low,wrong_language_source_copy,v1.0
MR-030,TASKA-ZHEN-034,zh-en,Mandarin Chinese,English,FradSer/OpenSubtitles-en-zh-cn-20m,,train,13802230,"I was in New York, back and forth, going, 'cause I still had a lot of my stuff out there.",我当时住在纽约 两边来回跑 因为我还有很多东西在那里,"I was in New York, back and forth, going, 'cause I still had a lot of my stuff out there.","I was in New York, back and forth, going, 'cause I still had a lot of my stuff out there.",high,reference_preserved_no_intentional_error,v1.0
MR-031,TASKA-ENZH-051,en-zh,English,Mandarin Chinese,FradSer/OpenSubtitles-en-zh-cn-20m,,train,3896356,"Yes, I do understand, senator.",我懂，参议员,我懂，参议员,我议员,low,substantial_contiguous_content_omission,v1.0
MR-032,TASKA-ENZH-011,en-zh,English,Mandarin Chinese,FradSer/OpenSubtitles-en-zh-cn-20m,,train,8085572,"Oh, my God, what did they get?",我的天啊 都偷走了什么,我的天啊 都偷走了什么,我的天走了什么,low,substantial_contiguous_content_omission,v1.0
MR-033,TASKA-ZHEN-036,zh-en,Mandarin Chinese,English,FradSer/OpenSubtitles-en-zh-cn-20m,,train,561236,"Go, all of you.",其他人也帮忙去,"Go, all of you.",Go all of you.,medium,minor_punctuation_omission,v1.0
MR-034,TASKA-ENZH-006,en-zh,English,Mandarin Chinese,FradSer/OpenSubtitles-en-zh-cn-20m,,train,15602414,- I'm not here for your sympathy.,我来这里不是为了你的同情,我来这里不是为了你的同情,我来这里,very_low,severe_translation_omission,v1.0
MR-035,TASKA-ENZH-065,en-zh,English,Mandarin Chinese,FradSer/OpenSubtitles-en-zh-cn-20m,,train,8567342,But only 6 vampires left.,但只有6个吸血鬼留下来,但只有6个吸血鬼留下来,但只有6个吸血鬼留来,medium,minor_single_character_omission,v1.0
MR-036,TASKA-ZHEN-082,zh-en,Mandarin Chinese,English,FradSer/OpenSubtitles-en-zh-cn-20m,,train,10288560,You should know that.,你應該也知道吧,You should know that.,You should know that.,high,reference_preserved_no_intentional_error,v1.0
MR-037,TASKA-ZHEN-007,zh-en,Mandarin Chinese,English,FradSer/OpenSubtitles-en-zh-cn-20m,,train,8312899,"I'm sure you know how pleased I am that you will recover, after all.",得知你有望痊愈 我心里这高兴劲儿不说你也知道,"I'm sure you know how pleased I am that you will recover, after all.","I'm sure you know how you will recover, after all.",low,substantial_contiguous_content_omission,v1.0
MR-038,TASKA-ZHEN-028,zh-en,Mandarin Chinese,English,FradSer/OpenSubtitles-en-zh-cn-20m,,train,6704177,"How about, uh, we play some poker?",怎么样？ 嗯？ 打牌怎么样？,"How about, uh, we play some poker?",How about,very_low,severe_translation_omission,v1.0
MR-039,TASKA-ENZH-003,en-zh,English,Mandarin Chinese,FradSer/OpenSubtitles-en-zh-cn-20m,,train,13856641,Then things like this may happen every day.,说不定每天都会发生这种事,说不定每天都会发生这种事,说不定每天都会发生这事,medium,minor_single_character_omission,v1.0
MR-040,TASKA-ENZH-025,en-zh,English,Mandarin Chinese,FradSer/OpenSubtitles-en-zh-cn-20m,,train,18941201,I got to set her straight?,我要跟她说她错了吗？,我要跟她说她错了吗？,我要跟她说她错了吗？,high,reference_preserved_no_intentional_error,v1.0
MR-041,TASKA-ENZH-008,en-zh,English,Mandarin Chinese,FradSer/OpenSubtitles-en-zh-cn-20m,,train,9684164,- Then what? What do you want?,所以，你想要什么？,所以，你想要什么？,所以，你想要什么？,high,reference_preserved_no_intentional_error,v1.0
MR-042,TASKA-ZHEN-098,zh-en,Mandarin Chinese,English,FradSer/OpenSubtitles-en-zh-cn-20m,,train,13868092,Do you not think that's a little irresponsible to counsel others when you have not taken your meds?,出门前我关炉子了 对吧 绝对关了,Do you not think that's a little irresponsible to counsel others when you have not taken your meds?,Do you not think that's a little irresponsible to counsel others when you have not taken your meds?,high,reference_preserved_no_intentional_error,v1.0
MR-043,TASKA-ZHEN-037,zh-en,Mandarin Chinese,English,FradSer/OpenSubtitles-en-zh-cn-20m,,train,575210,- Where did you learn them? - From my betters.,你从哪里学到的 从比我好的人那里学到的,- Where did you learn them? - From my betters.,- Where did you? - From my betters.,low,substantial_contiguous_content_omission,v1.0
MR-044,TASKA-ENZH-069,en-zh,English,Mandarin Chinese,FradSer/OpenSubtitles-en-zh-cn-20m,,train,17125355,Are you trying to destroy their car?,怎么？ 你要砸了这台车吗？,怎么？ 你要砸了这台车吗？,怎么？ 你要,very_low,severe_translation_omission,v1.0
MR-045,TASKA-ENZH-061,en-zh,English,Mandarin Chinese,FradSer/OpenSubtitles-en-zh-cn-20m,,train,17748304,I was wondering if I should've worn something a little more cheerful.,还在想要不要穿点 不这么沉闷的,还在想要不要穿点 不这么沉闷的,还在想要不这么沉闷的,low,substantial_contiguous_content_omission,v1.0
MR-046,TASKA-ZHEN-019,zh-en,Mandarin Chinese,English,FradSer/OpenSubtitles-en-zh-cn-20m,,train,4620281,I shot at a duck and... Mmm-hmm.,我只是朝野鸭开枪 然后...,I shot at a duck and... Mmm-hmm.,I shot at a duck and... Mmm-hmm.,high,reference_preserved_no_intentional_error,v1.0
MR-047,TASKA-ZHEN-044,zh-en,Mandarin Chinese,English,FradSer/OpenSubtitles-en-zh-cn-20m,,train,12655657,She's probably there now.,恐怕 现今就在那里,She's probably there now.,She's probably now.,low,meaningful_content_word_omission,v1.0
MR-048,TASKA-ENZH-028,en-zh,English,Mandarin Chinese,FradSer/OpenSubtitles-en-zh-cn-20m,,train,1333508,"- Doctor, tell us how he is.",告诉我们情况如何？,告诉我们情况如何？,告诉我们情况如何？,high,reference_preserved_no_intentional_error,v1.0
MR-049,TASKA-ENZH-042,en-zh,English,Mandarin Chinese,FradSer/OpenSubtitles-en-zh-cn-20m,,train,1479306,That's why I have to take a trip to New York.,因此我必须得去趟纽约,因此我必须得去趟纽约,因此我必,very_low,severe_translation_omission,v1.0
MR-050,TASKA-ENZH-060,en-zh,English,Mandarin Chinese,FradSer/OpenSubtitles-en-zh-cn-20m,,train,15972080,"Can you help me, sir?",可以帮我吗？ 长官,可以帮我吗？ 长官,可以吗？ 长官,low,substantial_contiguous_content_omission,v1.0
MR-051,TASKA-ENZH-072,en-zh,English,Mandarin Chinese,FradSer/OpenSubtitles-en-zh-cn-20m,,train,8027759,I'm sure you'll come up with some plan.,我想你们肯定会想出点主意,我想你们肯定会想出点主意,我想你们肯定会想出点主意,high,reference_preserved_no_intentional_error,v1.0
MR-052,TASKA-ENZH-071,en-zh,English,Mandarin Chinese,FradSer/OpenSubtitles-en-zh-cn-20m,,train,16316544,- I don't even know if it's possible.,–能不能完成還...,–能不能完成還...,–能不成還...,low,substantial_contiguous_content_omission,v1.0
MR-053,TASKA-ENZH-045,en-zh,English,Mandarin Chinese,FradSer/OpenSubtitles-en-zh-cn-20m,,train,1251521,That's not an illness.,作為一個有經驗的醫生，請您相信我,作為一個有經驗的醫生，請您相信我,作為一個有經驗的醫生，請您相信我,high,reference_preserved_no_intentional_error,v1.0
MR-054,TASKA-ENZH-052,en-zh,English,Mandarin Chinese,FradSer/OpenSubtitles-en-zh-cn-20m,,train,1326995,You should leave it. You won't need it there.,不得不放在这里，在那里你不需要它,不得不放在这里，在那里你不需要它,不得不放在这里在那里你不需要它,medium,minor_punctuation_omission,v1.0
MR-055,TASKA-ENZH-013,en-zh,English,Mandarin Chinese,FradSer/OpenSubtitles-en-zh-cn-20m,,train,19262398,Why leave it just as an imagination?,为什么只是想象？,为什么只是想象？,为什是想象？,low,substantial_contiguous_content_omission,v1.0
MR-056,TASKA-ENZH-020,en-zh,English,Mandarin Chinese,FradSer/OpenSubtitles-en-zh-cn-20m,,train,6097814,The fact that it did happen doesn't change anything.,事情已经发生了 这是无法改变的事实,事情已经发生了 这是无法改变的事实,事情已经发生了 这是无法改变事实,medium,minor_function_character_omission,v1.0
MR-057,TASKA-ENZH-004,en-zh,English,Mandarin Chinese,FradSer/OpenSubtitles-en-zh-cn-20m,,train,3248460,"Saying you are friends, when in reality you don't trust them.",有些人表面上好像很好 但其实根本不相信对方,有些人表面上好像很好 但其实根本不相信对方,有些人表面上好,very_low,severe_translation_omission,v1.0
MR-058,TASKA-ZHEN-083,zh-en,Mandarin Chinese,English,FradSer/OpenSubtitles-en-zh-cn-20m,,train,11657658,"Oh, my God, have you been there this whole time?",我的上帝 你一直都在那里？,"Oh, my God, have you been there this whole time?",我的上帝 你一直都在那里？,very_low,wrong_language_source_copy,v1.0
MR-059,TASKA-ZHEN-018,zh-en,Mandarin Chinese,English,FradSer/OpenSubtitles-en-zh-cn-20m,,train,890399,-#It's the good life# -#It's the good life#,-「美好生活」 -「美好生活」,-#It's the good life# -#It's the good life#,-「美好生活」 -「美好生活」,very_low,wrong_language_source_copy,v1.0
MR-060,TASKA-ZHEN-015,zh-en,Mandarin Chinese,English,FradSer/OpenSubtitles-en-zh-cn-20m,,train,16588545,You don't know what sorry is. Not yet.,你不知道什么是抱歉 目前还不知道,You don't know what sorry is. Not yet.,You don't know what sorry is. Not yet,medium,minor_terminal_punctuation_omission,v1.0
MR-061,TASKA-ENZH-062,en-zh,English,Mandarin Chinese,FradSer/OpenSubtitles-en-zh-cn-20m,,train,6089765,- He's not my guy.,-不是我的人,-不是我的人,-不是我人,medium,minor_function_character_omission,v1.0
MR-062,TASKA-ENZH-081,en-zh,English,Mandarin Chinese,FradSer/OpenSubtitles-en-zh-cn-20m,,train,13866287,Is it in the mansion?,是在宅子里吗？,是在宅子里吗？,是在里吗？,low,substantial_contiguous_content_omission,v1.0
MR-063,TASKA-ENZH-039,en-zh,English,Mandarin Chinese,FradSer/OpenSubtitles-en-zh-cn-20m,,train,5358631,The snakes are on the plane because...,飞机上有蛇是因为,飞机上有蛇是因为,飞机上有蛇是因为,high,reference_preserved_no_intentional_error,v1.0
MR-064,TASKA-ENZH-073,en-zh,English,Mandarin Chinese,FradSer/OpenSubtitles-en-zh-cn-20m,,train,10017871,"We'd only ""live in sin,"" as you call it, until the divorce.",在離婚之前 我們才是生活在罪惡中,在離婚之前 我們才是生活在罪惡中,在離婚之前 我們才是生活在罪中,medium,minor_single_character_omission,v1.0
MR-065,TASKA-ZHEN-006,zh-en,Mandarin Chinese,English,FradSer/OpenSubtitles-en-zh-cn-20m,,train,17994763,The wind was strong last night.,昨天晚上风够大的,The wind was strong last night.,The wind last night.,low,substantial_contiguous_content_omission,v1.0
MR-066,TASKA-ENZH-038,en-zh,English,Mandarin Chinese,FradSer/OpenSubtitles-en-zh-cn-20m,,train,4696228,"Please give your warmest welcome, the one-of-a-kind...",让我们热烈欢迎与众不同的...,让我们热烈欢迎与众不同的...,让我们热众不同的...,low,substantial_contiguous_content_omission,v1.0
MR-067,TASKA-ENZH-089,en-zh,English,Mandarin Chinese,FradSer/OpenSubtitles-en-zh-cn-20m,,train,5091113,Pull that chair down.,把椅子拿下来,把椅子拿下来,把椅子拿来,medium,minor_single_character_omission,v1.0
MR-068,TASKA-ZHEN-081,zh-en,Mandarin Chinese,English,FradSer/OpenSubtitles-en-zh-cn-20m,,train,4633279,I had a man when I went to work today.,我可是有男朋友的人,I had a man when I went to work today.,I had a went to work today.,low,substantial_contiguous_content_omission,v1.0
MR-069,TASKA-ZHEN-043,zh-en,Mandarin Chinese,English,FradSer/OpenSubtitles-en-zh-cn-20m,,train,6200228,Too bad. That osso buco of yours was-- really something.,太遗憾了 你做的炖小牛肘太牛了,Too bad. That osso buco of yours was-- really something.,Too bad. That osso buco of yours was-- really something.,high,reference_preserved_no_intentional_error,v1.0
MR-070,TASKA-ENZH-087,en-zh,English,Mandarin Chinese,FradSer/OpenSubtitles-en-zh-cn-20m,,train,6410789,"People disappear all the time, but they're never really gone.",人们 时不时都会消失 但其实并非真的不见了,人们 时不时都会消失 但其实并非真的不见了,人们 时不时都会消失 但其实并非真的不见了,high,reference_preserved_no_intentional_error,v1.0
MR-071,TASKA-ENZH-068,en-zh,English,Mandarin Chinese,FradSer/OpenSubtitles-en-zh-cn-20m,,train,7029889,"- Hey, can I get a hand with this?",- 嘿，可以帮我一下吗？,- 嘿，可以帮我一下吗？,"- Hey, can I get a hand with this?",very_low,wrong_language_source_copy,v1.0
MR-072,TASKA-ENZH-017,en-zh,English,Mandarin Chinese,FradSer/OpenSubtitles-en-zh-cn-20m,,train,8215552,-Why did they put it on a frying pan?,-为什么不放在炒锅上?,-为什么不放在炒锅上?,-为什么炒锅上?,low,substantial_contiguous_content_omission,v1.0
MR-073,TASKA-ZHEN-071,zh-en,Mandarin Chinese,English,FradSer/OpenSubtitles-en-zh-cn-20m,,train,8410559,What if I'd trodden on you?,我把你踩扁了怎么办?,What if I'd trodden on you?,我把你踩扁了怎么办?,very_low,wrong_language_source_copy,v1.0
MR-074,TASKA-ENZH-098,en-zh,English,Mandarin Chinese,FradSer/OpenSubtitles-en-zh-cn-20m,,train,5514808,"if one is going away to beat very well but, one is sticking there.","- 对. 它应该粘性很好的... ... 好,粘上了.","- 对. 它应该粘性很好的... ... 好,粘上了.",- 对. 它应该粘性很好的... ... 好粘上了.,medium,minor_punctuation_omission,v1.0
MR-075,TASKA-ZHEN-032,zh-en,Mandarin Chinese,English,FradSer/OpenSubtitles-en-zh-cn-20m,,train,15090513,No kidding. I probably saw you there.,说实话 我可能当初就见过你了,No kidding. I probably saw you there.,No kidding. saw you there.,low,substantial_contiguous_content_omission,v1.0
MR-076,TASKA-ZHEN-009,zh-en,Mandarin Chinese,English,FradSer/OpenSubtitles-en-zh-cn-20m,,train,6273331,"The less we see each other, everything gets better.",我们少见几面，关系反而更好了。,"The less we see each other, everything gets better.","The less we, everything gets better.",low,substantial_contiguous_content_omission,v1.0
MR-077,TASKA-ZHEN-080,zh-en,Mandarin Chinese,English,FradSer/OpenSubtitles-en-zh-cn-20m,,train,8876980,"He had many run-ins with cops, but always escaped.",他有许多争论与警察， 但总是逃过一劫。,"He had many run-ins with cops, but always escaped.","He had many, but always escaped.",low,substantial_contiguous_content_omission,v1.0
MR-078,TASKA-ZHEN-065,zh-en,Mandarin Chinese,English,FradSer/OpenSubtitles-en-zh-cn-20m,,train,10745245,"That's why I am here, to get a piece of paradise.",所以我来闯一闯,"That's why I am here, to get a piece of paradise.","That's why I am here, to get a piece of paradise.",high,reference_preserved_no_intentional_error,v1.0
MR-079,TASKA-ZHEN-099,zh-en,Mandarin Chinese,English,FradSer/OpenSubtitles-en-zh-cn-20m,,train,14430752,What medium do you like to work in?,你都用怎样的笔画画？,What medium do you like to work in?,What medium do you like to work in?,high,reference_preserved_no_intentional_error,v1.0
MR-080,TASKA-ENZH-083,en-zh,English,Mandarin Chinese,FradSer/OpenSubtitles-en-zh-cn-20m,,train,14319043,Fully armed Daekan warriors are headed to the Fortress of Fire.,大汗部队全副武装正往火之堡垒前进,大汗部队全副武装正往火之堡垒前进,大汗部队全副武装正往火之堡垒前进,high,reference_preserved_no_intentional_error,v1.0
MR-081,TASKA-ZHEN-070,zh-en,Mandarin Chinese,English,FradSer/OpenSubtitles-en-zh-cn-20m,,train,8909722,"ANDTHEY'DGETTOGO, ""JUST WAIT UNTIL TOMORROW. ""JUST WAIT UNTIL TOMORROW. IT'S GONNA BE AMAZING.","他们会说""明天看嘛","ANDTHEY'DGETTOGO, ""JUST WAIT UNTIL TOMORROW. ""JUST WAIT UNTIL TOMORROW. IT'S GONNA BE AMAZING.","ANDTHEY'DGETTOGO, ""JUST WAIT UNTIL TOMORROW",very_low,severe_translation_omission,v1.0
MR-082,TASKA-ENZH-080,en-zh,English,Mandarin Chinese,FradSer/OpenSubtitles-en-zh-cn-20m,,train,38623,You are still there is an opportunity,你还是有机会的,你还是有机会的,You are still there is an opportunity,very_low,wrong_language_source_copy,v1.0
MR-083,TASKA-ZHEN-096,zh-en,Mandarin Chinese,English,FradSer/OpenSubtitles-en-zh-cn-20m,,train,2442236,That means Fei-hung will be my nephew-in-law.,那么 飞鸿不就成我的襟第吗?,That means Fei-hung will be my nephew-in-law.,That means Fei-hung will be my nephew-in-law.,high,reference_preserved_no_intentional_error,v1.0
MR-084,TASKA-ENZH-075,en-zh,English,Mandarin Chinese,FradSer/OpenSubtitles-en-zh-cn-20m,,train,3873143,"But nothing, no words or description could have given justice to it or have prepared him for that gun's flawless grace.",但是没有条文法律可以维护公正 或许准备了为无瑕的枪祈祷,但是没有条文法律可以维护公正 或许准备了为无瑕的枪祈祷,但是没有条文法律可备了为无瑕的枪祈祷,low,substantial_contiguous_content_omission,v1.0
MR-085,TASKA-ZHEN-088,zh-en,Mandarin Chinese,English,FradSer/OpenSubtitles-en-zh-cn-20m,,train,1829589,Hurry up with the fuel!,电路修理动作快一点,Hurry up with the fuel!,Hurry up,very_low,severe_translation_omission,v1.0
MR-086,TASKA-ZHEN-017,zh-en,Mandarin Chinese,English,FradSer/OpenSubtitles-en-zh-cn-20m,,train,2620692,"I believe you, Billy. And I believe in you.",我相信你，比利，我相信,"I believe you, Billy. And I believe in you.",I believe you Billy. And I believe in you.,medium,minor_punctuation_omission,v1.0
MR-087,TASKA-ZHEN-092,zh-en,Mandarin Chinese,English,FradSer/OpenSubtitles-en-zh-cn-20m,,train,9980592,"No, actually, it was really boring.",不，实际上， 这是很无聊。,"No, actually, it was really boring.","No actually, it was really boring.",medium,minor_punctuation_omission,v1.0
MR-088,TASKA-ENZH-095,en-zh,English,Mandarin Chinese,FradSer/OpenSubtitles-en-zh-cn-20m,,train,16907938,I was just doing what I thought I had to do to make that happen.,我只是为了实现那个目标 在做我认为应该做的事情,我只是为了实现那个目标 在做我认为应该做的事情,我只是为了实现那个目标 在做我认为应该做的事情,high,reference_preserved_no_intentional_error,v1.0
MR-089,TASKA-ENZH-021,en-zh,English,Mandarin Chinese,FradSer/OpenSubtitles-en-zh-cn-20m,,train,4446197,"No. Have a seat. ""650,"" is that Palo Alto?","不，坐吧，""650""，那是帕洛阿图吗？","不，坐吧，""650""，那是帕洛阿图吗？","不坐吧，""650""，那是帕洛阿图吗？",medium,minor_punctuation_omission,v1.0
MR-090,TASKA-ENZH-059,en-zh,English,Mandarin Chinese,FradSer/OpenSubtitles-en-zh-cn-20m,,train,498629,Do you like fighting grizzlies?,"""你喜欢和大熊打架吗？""","""你喜欢和大熊打架吗？""","""你喜欢打架吗？""",low,substantial_contiguous_content_omission,v1.0
MR-091,TASKA-ZHEN-005,zh-en,Mandarin Chinese,English,FradSer/OpenSubtitles-en-zh-cn-20m,,train,4276362,We weren't scheduled to meet until Wednesday.,我们要到星期三才有排定见面,We weren't scheduled to meet until Wednesday.,We weren't meet until Wednesday.,low,substantial_contiguous_content_omission,v1.0
MR-092,TASKA-ZHEN-023,zh-en,Mandarin Chinese,English,FradSer/OpenSubtitles-en-zh-cn-20m,,train,1045242,What happened to her? Was she sick or something?,她怎么回事 她病了还是怎么了？,What happened to her? Was she sick or something?,What happened to her? Was she sick or something,medium,minor_terminal_punctuation_omission,v1.0
MR-093,TASKA-ENZH-027,en-zh,English,Mandarin Chinese,FradSer/OpenSubtitles-en-zh-cn-20m,,train,16424356,Call the airline. I'll pack.,快给航空公司打电话 我去打包行李,快给航空公司打电话 我去打包行李,Call the airline. I'll pack.,very_low,wrong_language_source_copy,v1.0
MR-094,TASKA-ENZH-046,en-zh,English,Mandarin Chinese,FradSer/OpenSubtitles-en-zh-cn-20m,,train,4743205,I've been looking for decoration to put up on the glass so people wouldn't walk into it.,我一直想在玻璃上贴些花样 免得人们老是一头撞上,我一直想在玻璃上贴些花样 免得人们老是一头撞上,我一直想在玻璃上贴些花样 免得人们老是一头上,medium,minor_single_character_omission,v1.0
MR-095,TASKA-ENZH-001,en-zh,English,Mandarin Chinese,FradSer/OpenSubtitles-en-zh-cn-20m,,train,14702640,"- You wanted to see me, right?",你有事找我 是的,你有事找我 是的,"- You wanted to see me, right?",very_low,wrong_language_source_copy,v1.0
MR-096,TASKA-ENZH-088,en-zh,English,Mandarin Chinese,FradSer/OpenSubtitles-en-zh-cn-20m,,train,15888655,-What are you talking about?,说什么呢？,说什么呢？,说什么呢,medium,minor_punctuation_omission,v1.0
MR-097,TASKA-ZHEN-063,zh-en,Mandarin Chinese,English,FradSer/OpenSubtitles-en-zh-cn-20m,,train,13920656,We're all behind you!,大家都替你加油！,We're all behind you!,We're all behind you,medium,minor_terminal_punctuation_omission,v1.0
MR-098,TASKA-ZHEN-100,zh-en,Mandarin Chinese,English,FradSer/OpenSubtitles-en-zh-cn-20m,,train,19410377,"Assemblyman Lee Soon Gang, whose daughter was a school bully, stepped down from his position.",被曝光女儿涉嫌校园暴力行为的李顺钢议员 (因子女涉嫌校园暴力 李顺钢议员辞任),"Assemblyman Lee Soon Gang, whose daughter was a school bully, stepped down from his position.","Assemblyman Lee Soon Gang, whose daughter was a school bully, stepped down from his position.",high,reference_preserved_no_intentional_error,v1.0
MR-099,TASKA-ENZH-093,en-zh,English,Mandarin Chinese,FradSer/OpenSubtitles-en-zh-cn-20m,,train,5128434,We should tell all the members that they have been in contact with him.,我们得告诉所有成员 他可能和他们有关系,我们得告诉所有成员 他可能和他们有关系,我们得告诉所能和他们有关系,low,substantial_contiguous_content_omission,v1.0
MR-100,TASKA-ZHEN-031,zh-en,Mandarin Chinese,English,FradSer/OpenSubtitles-en-zh-cn-20m,,train,8552682,Don't let him go. Right to the body!,你要让他逃走右拳攻击身体！,Don't let him go. Right to the body!,Don't let him go. Right to the body!,high,reference_preserved_no_intentional_error,v1.0
MR-101,TASKA-ENZH-043,en-zh,English,Mandarin Chinese,FradSer/OpenSubtitles-en-zh-cn-20m,,train,13964482,"-I was so hungry, I was about to go crazy.",我真的差点要饿死了,我真的差点要饿死了,"-I was so hungry, I was about to go crazy.",very_low,wrong_language_source_copy,v1.0
MR-102,TASKA-ENZH-076,en-zh,English,Mandarin Chinese,FradSer/OpenSubtitles-en-zh-cn-20m,,train,13337327,"Paul, what you gonna do? Shoot me, too?",玂霉 璶ри炳,玂霉 璶ри炳,玂霉 璶ри炳,high,reference_preserved_no_intentional_error,v1.0
MR-103,TASKA-ENZH-100,en-zh,English,Mandarin Chinese,FradSer/OpenSubtitles-en-zh-cn-20m,,train,14546631,How is she better than me?,她比我好在哪里？,她比我好在哪里？,How is she better than me?,very_low,wrong_language_source_copy,v1.0
MR-104,TASKA-ENZH-070,en-zh,English,Mandarin Chinese,FradSer/OpenSubtitles-en-zh-cn-20m,,train,963012,And so then I ran to the fo'c's'le.,然后我跑到了前甲板,然后我跑到了前甲板,然后我跑到了前甲板,high,reference_preserved_no_intentional_error,v1.0
MR-105,TASKA-ENZH-055,en-zh,English,Mandarin Chinese,FradSer/OpenSubtitles-en-zh-cn-20m,,train,6469676,"After the transplant, you could see, but not see.",角膜移植之后 你可以看见 但不是真正看见,角膜移植之后 你可以看见 但不是真正看见,角膜移植之后 你可以看见 但不是真正看见,high,reference_preserved_no_intentional_error,v1.0
MR-106,TASKA-ZHEN-042,zh-en,Mandarin Chinese,English,FradSer/OpenSubtitles-en-zh-cn-20m,,train,16260777,Then you have to file a case on him.,那你就得对他提起诉讼,Then you have to file a case on him.,Then you have to file a case on him,medium,minor_terminal_punctuation_omission,v1.0
MR-107,TASKA-ZHEN-057,zh-en,Mandarin Chinese,English,FradSer/OpenSubtitles-en-zh-cn-20m,,train,3436525,And I hope we have a play well fitted.,此剧就此分派完成,And I hope we have a play well fitted.,And I hope we have a play well fitted,medium,minor_terminal_punctuation_omission,v1.0
MR-108,TASKA-ENZH-099,en-zh,English,Mandarin Chinese,FradSer/OpenSubtitles-en-zh-cn-20m,,train,19120981,What a nice spring.,这个温泉好棒哦,这个温泉好棒哦,这个温泉好棒哦,high,reference_preserved_no_intentional_error,v1.0
MR-109,TASKA-ENZH-057,en-zh,English,Mandarin Chinese,FradSer/OpenSubtitles-en-zh-cn-20m,,train,10797056,Andyou'relike still so beautiful.,和你一样 还是那么漂亮。,和你一样 还是那么漂亮。,和你一样 还是那么漂亮。,high,reference_preserved_no_intentional_error,v1.0
MR-110,TASKA-ZHEN-087,zh-en,Mandarin Chinese,English,FradSer/OpenSubtitles-en-zh-cn-20m,,train,12482697,"People walk in, your job is simple. What is your job?",有人走进来 你的工作很简单 你的工作是什么？,"People walk in, your job is simple. What is your job?",People walk in your job is simple. What is your job?,medium,minor_punctuation_omission,v1.0
MR-111,TASKA-ZHEN-091,zh-en,Mandarin Chinese,English,FradSer/OpenSubtitles-en-zh-cn-20m,,train,1313391,- I knew you'd kill her! - Calm down.,- 我就知道你会杀了她！,- I knew you'd kill her! - Calm down.,- I knew,very_low,severe_translation_omission,v1.0
MR-112,TASKA-ENZH-022,en-zh,English,Mandarin Chinese,FradSer/OpenSubtitles-en-zh-cn-20m,,train,15683537,Seo Jeong-hwa left home at 2 p.m.,徐贞和在下午2点离开家里,徐贞和在下午2点离开家里,Seo Jeong-hwa left home at 2 p.m.,very_low,wrong_language_source_copy,v1.0
MR-113,TASKA-ENZH-012,en-zh,English,Mandarin Chinese,FradSer/OpenSubtitles-en-zh-cn-20m,,train,11081787,"I was in Rome... working for KGB when I was abducted with force by Americans, agents of Central Intelligence Agency.",我是在羅馬... 工作的克格勃... ......,我是在羅馬... 工作的克格勃... ......,我是在羅的克格勃... ......,low,substantial_contiguous_content_omission,v1.0
MR-114,TASKA-ZHEN-013,zh-en,Mandarin Chinese,English,FradSer/OpenSubtitles-en-zh-cn-20m,,train,13621,"- Oh, yes? You listen! Tony no love you like he make you believe.",哦，他是很有花样， 但他干嘛把钱白白给别人,"- Oh, yes? You listen! Tony no love you like he make you believe.","- Oh, yes? You listen! like he make you believe.",low,substantial_contiguous_content_omission,v1.0
MR-115,TASKA-ZHEN-053,zh-en,Mandarin Chinese,English,FradSer/OpenSubtitles-en-zh-cn-20m,,train,13509728,He's losing it. Or an idiot?,以为我白痴吗？,He's losing it. Or an idiot?,以为我白痴吗？,very_low,wrong_language_source_copy,v1.0
MR-116,TASKA-ENZH-050,en-zh,English,Mandarin Chinese,FradSer/OpenSubtitles-en-zh-cn-20m,,train,11438571,Guy tries to take advantage.,男孩要占她便宜,男孩要占她便宜,男孩她便宜,low,substantial_contiguous_content_omission,v1.0
MR-117,TASKA-ZHEN-056,zh-en,Mandarin Chinese,English,FradSer/OpenSubtitles-en-zh-cn-20m,,train,19191807,"I can't do that, you know.",我不能那样做，你知道的。,"I can't do that, you know.",I can't,very_low,severe_translation_omission,v1.0
MR-118,TASKA-ZHEN-048,zh-en,Mandarin Chinese,English,FradSer/OpenSubtitles-en-zh-cn-20m,,train,15098638,It's like having a dog on a leash.,就像牵了一只狗一样,It's like having a dog on a leash.,就像牵了一只狗一样,very_low,wrong_language_source_copy,v1.0
MR-119,TASKA-ENZH-007,en-zh,English,Mandarin Chinese,FradSer/OpenSubtitles-en-zh-cn-20m,,train,10788647,"The eye closest to the, to the.",眼最接近，向。,眼最接近，向。,眼最接近向。,medium,minor_punctuation_omission,v1.0
MR-120,TASKA-ZHEN-035,zh-en,Mandarin Chinese,English,FradSer/OpenSubtitles-en-zh-cn-20m,,train,17584822,"Allison, I told you.",艾莉森，我告诉过你。,"Allison, I told you.","Allison, I you.",low,meaningful_content_word_omission,v1.0
MR-121,TASKA-ZHEN-079,zh-en,Mandarin Chinese,English,FradSer/OpenSubtitles-en-zh-cn-20m,,train,3001803,In the back of my mind was our eventual destination.,我们最终的目的地早被我抛到了脑后,In the back of my mind was our eventual destination.,In the back was our eventual destination.,low,substantial_contiguous_content_omission,v1.0
MR-122,TASKA-ENZH-058,en-zh,English,Mandarin Chinese,FradSer/OpenSubtitles-en-zh-cn-20m,,train,11147359,I really don't want to mess that one up.,我可不希望把那个搞砸,我可不希望把那个搞砸,我可不希望把那个搞砸,high,reference_preserved_no_intentional_error,v1.0
MR-123,TASKA-ENZH-092,en-zh,English,Mandarin Chinese,FradSer/OpenSubtitles-en-zh-cn-20m,,train,17639419,"Hands can parade around naked all day, but God forbid you show a few toes?",手就可以整天露在外面 但是却不能露几个脚趾？,手就可以整天露在外面 但是却不能露几个脚趾？,手就可以整天露,very_low,severe_translation_omission,v1.0
MR-124,TASKA-ZHEN-021,zh-en,Mandarin Chinese,English,FradSer/OpenSubtitles-en-zh-cn-20m,,train,4524901,"By the way, put it on inside the train, okay?",我们在车上才这样穿，知道吗?,"By the way, put it on inside the train, okay?","By the way put it on inside the train, okay?",medium,minor_punctuation_omission,v1.0
MR-125,TASKA-ZHEN-086,zh-en,Mandarin Chinese,English,FradSer/OpenSubtitles-en-zh-cn-20m,,train,7172169,"Ululu, it's your mom. Isn't that great?",大耳，太好了，找到媽媽了,"Ululu, it's your mom. Isn't that great?",Ululu it's your mom. Isn't that great?,medium,minor_punctuation_omission,v1.0
MR-126,TASKA-ZHEN-052,zh-en,Mandarin Chinese,English,FradSer/OpenSubtitles-en-zh-cn-20m,,train,1382251,I didn't want to lose it. Mommy knows that.,"我并不想失去他, 女马女马会告诉儡尔日刨",I didn't want to lose it. Mommy knows that.,I didn't want,very_low,severe_translation_omission,v1.0
MR-127,TASKA-ENZH-016,en-zh,English,Mandarin Chinese,FradSer/OpenSubtitles-en-zh-cn-20m,,train,5878425,We have to stand still.,我们要保持不动,我们要保持不动,我们持不动,low,substantial_contiguous_content_omission,v1.0
MR-128,TASKA-ZHEN-085,zh-en,Mandarin Chinese,English,FradSer/OpenSubtitles-en-zh-cn-20m,,train,3419240,"I want this job of yours, Tommy.","我也想要你这份工作,汤米.","I want this job of yours, Tommy.","I want this job of yours, Tommy.",high,reference_preserved_no_intentional_error,v1.0
MR-129,TASKA-ENZH-035,en-zh,English,Mandarin Chinese,FradSer/OpenSubtitles-en-zh-cn-20m,,train,17252216,Why did you come with us?,你为什么跟过来,你为什么跟过来,你为跟过来,low,substantial_contiguous_content_omission,v1.0
MR-130,TASKA-ZHEN-095,zh-en,Mandarin Chinese,English,FradSer/OpenSubtitles-en-zh-cn-20m,,train,19372723,Life is tough for young people these days.,你也知道最近的年轻人生活不容易,Life is tough for young people these days.,Life is tough for young people these days.,high,reference_preserved_no_intentional_error,v1.0
MR-131,TASKA-ENZH-015,en-zh,English,Mandarin Chinese,FradSer/OpenSubtitles-en-zh-cn-20m,,train,19115134,"Yeah, that is true.",对 我喜欢晚上游泳,对 我喜欢晚上游泳,对 我喜欢晚上泳,medium,minor_single_character_omission,v1.0
MR-132,TASKA-ZHEN-094,zh-en,Mandarin Chinese,English,FradSer/OpenSubtitles-en-zh-cn-20m,,train,3779798,ME AND A FEW OF THE GUYS FROM MY UNIT HAD TO STOP OVER THERE ON THE WAY BACK FROM KOREA.,从朝鲜回国的途中在那里停留了几天,ME AND A FEW OF THE GUYS FROM MY UNIT HAD TO STOP OVER THERE ON THE WAY BACK FROM KOREA.,ME AND A FEW OF THE GUYS,very_low,severe_translation_omission,v1.0
MR-133,TASKA-ZHEN-022,zh-en,Mandarin Chinese,English,FradSer/OpenSubtitles-en-zh-cn-20m,,train,4658699,Look at the men's faces. You can save hundreds of them.,看看那些人的脸孔你可以拯救好几百个像他们一样的人,Look at the men's faces. You can save hundreds of them.,Look at the men's,very_low,severe_translation_omission,v1.0
MR-134,TASKA-ZHEN-077,zh-en,Mandarin Chinese,English,FradSer/OpenSubtitles-en-zh-cn-20m,,train,17922215,"What do you mean, go and play?",玩什么玩？,"What do you mean, go and play?",What do,very_low,severe_translation_omission,v1.0
MR-135,TASKA-ENZH-047,en-zh,English,Mandarin Chinese,FradSer/OpenSubtitles-en-zh-cn-20m,,train,14194826,I demand that you delete the video.,我现在要求你把视频删掉,我现在要求你把视频删掉,我现在要求你把视频删掉,high,reference_preserved_no_intentional_error,v1.0
MR-136,TASKA-ZHEN-012,zh-en,Mandarin Chinese,English,FradSer/OpenSubtitles-en-zh-cn-20m,,train,1466074,"That's good, because what I really can't stand is those moralizing feuilletons of yours.",288)}那些長篇衛道說教的大文章,"That's good, because what I really can't stand is those moralizing feuilletons of yours.","That's good, because what I those moralizing feuilletons of yours.",low,substantial_contiguous_content_omission,v1.0
MR-137,TASKA-ENZH-014,en-zh,English,Mandarin Chinese,FradSer/OpenSubtitles-en-zh-cn-20m,,train,17754131,You're both under arrest.,你们俩都被捕了,你们俩都被捕了,你们俩都被捕,medium,minor_function_character_omission,v1.0
MR-138,TASKA-ENZH-032,en-zh,English,Mandarin Chinese,FradSer/OpenSubtitles-en-zh-cn-20m,,train,12954653,"But if what you said is true about what's up there,",但如果你所说的都是真的,但如果你所说的都是真的,但如果你所说的都是真的,high,reference_preserved_no_intentional_error,v1.0
MR-139,TASKA-ZHEN-016,zh-en,Mandarin Chinese,English,FradSer/OpenSubtitles-en-zh-cn-20m,,train,5524305,I saw Mark. - Really? How is he?,-我见到马克了，,I saw Mark. - Really? How is he?,I saw Mark. - Really? How is he,medium,minor_terminal_punctuation_omission,v1.0
MR-140,TASKA-ZHEN-084,zh-en,Mandarin Chinese,English,FradSer/OpenSubtitles-en-zh-cn-20m,,train,18521786,"You shall be mine, little brother.",成为我的东西吧 弟弟啊,"You shall be mine, little brother.","You shall be mine, little brother.",high,reference_preserved_no_intentional_error,v1.0
MR-141,TASKA-ENZH-091,en-zh,English,Mandarin Chinese,FradSer/OpenSubtitles-en-zh-cn-20m,,train,4690271,"Katie, I gave you a job to do.",凯蒂，我给你 工作要做。,凯蒂，我给你 工作要做。,"Katie, I gave you a job to do.",very_low,wrong_language_source_copy,v1.0
MR-142,TASKA-ZHEN-004,zh-en,Mandarin Chinese,English,FradSer/OpenSubtitles-en-zh-cn-20m,,train,5940891,This is ground zero. This is my site. We talked about this.,这是爆发点，这是我的区域...,This is ground zero. This is my site. We talked about this.,This is ground zero,very_low,severe_translation_omission,v1.0
MR-143,TASKA-ENZH-097,en-zh,English,Mandarin Chinese,FradSer/OpenSubtitles-en-zh-cn-20m,,train,7093979,I'm not some distant aunt coming on a visit.,我不是来拜访的远房阿姨 你知道,我不是来拜访的远房阿姨 你知道,我不是来拜访远房阿姨 你知道,medium,minor_function_character_omission,v1.0
MR-144,TASKA-ENZH-084,en-zh,English,Mandarin Chinese,FradSer/OpenSubtitles-en-zh-cn-20m,,train,5742460,You don't know which is lying.,但你不知道谁在撒谎,但你不知道谁在撒谎,但你不知道谁在谎,medium,minor_single_character_omission,v1.0
MR-145,TASKA-ZHEN-072,zh-en,Mandarin Chinese,English,FradSer/OpenSubtitles-en-zh-cn-20m,,train,8126768,(Speaker) In the four days of the Cuban Missile Crisis wereindividualarticles up to ten times longer and sold.,在古巴危机的四天里 部分商品的销量增长了十倍多,(Speaker) In the four days of the Cuban Missile Crisis wereindividualarticles up to ten times longer and sold.,(Speaker) In the four days of up to ten times longer and sold.,low,substantial_contiguous_content_omission,v1.0
MR-146,TASKA-ZHEN-046,zh-en,Mandarin Chinese,English,FradSer/OpenSubtitles-en-zh-cn-20m,,train,1338649,"Let's understand each other, Father.",我们相互理解一下吧，神父,"Let's understand each other, Father.",Let's understand,very_low,severe_translation_omission,v1.0
MR-147,TASKA-ENZH-030,en-zh,English,Mandarin Chinese,FradSer/OpenSubtitles-en-zh-cn-20m,,train,9793248,"♪ I think I remember those eyes, eyes, eyes ♪",我想我记得 那双眼睛，眼睛，眼睛,我想我记得 那双眼睛，眼睛，眼睛,我想我记睛，眼睛，眼睛,low,substantial_contiguous_content_omission,v1.0
MR-148,TASKA-ENZH-067,en-zh,English,Mandarin Chinese,FradSer/OpenSubtitles-en-zh-cn-20m,,train,4685216,Half-assed measures aren't gonna get us anywhere.,用温和手段没办法解决问题,用温和手段没办法解决问题,用温和手段没办法解决题,medium,minor_single_character_omission,v1.0
MR-149,TASKA-ENZH-036,en-zh,English,Mandarin Chinese,FradSer/OpenSubtitles-en-zh-cn-20m,,train,19472623,"And also, my partner left because he is... he's not the father.",而且我的伴侣离开了 因为他不是宝宝的父亲,而且我的伴侣离开了 因为他不是宝宝的父亲,而且我伴侣离开了 因为他不是宝宝的父亲,medium,minor_function_character_omission,v1.0
MR-150,TASKA-ZHEN-061,zh-en,Mandarin Chinese,English,FradSer/OpenSubtitles-en-zh-cn-20m,,train,13635762,You've been a pussy your whole life.,你这一辈子都是个怂货 这很适合你,You've been a pussy your whole life.,You've been,very_low,severe_translation_omission,v1.0
MR-151,TASKA-ZHEN-002,zh-en,Mandarin Chinese,English,FradSer/OpenSubtitles-en-zh-cn-20m,,train,4549608,Don't start cooking yet... saw it with my own eyes...,别煮了... 我今次亲眼见到 ， 不会有失的 阿艾 ， 阿简在哪儿 ？,Don't start cooking yet... saw it with my own eyes...,别煮了... 我今次亲眼见到 ， 不会有失的 阿艾 ， 阿简在哪儿 ？,very_low,wrong_language_source_copy,v1.0
MR-152,TASKA-ZHEN-039,zh-en,Mandarin Chinese,English,FradSer/OpenSubtitles-en-zh-cn-20m,,train,11723088,"Your Majesty, don't move.","陛下,别动","Your Majesty, don't move.","Your Majesty, don't move.",high,reference_preserved_no_intentional_error,v1.0
MR-153,TASKA-ZHEN-030,zh-en,Mandarin Chinese,English,FradSer/OpenSubtitles-en-zh-cn-20m,,train,8632376,Let's go to the other side of the ice.,我們繞到另一邊,Let's go to the other side of the ice.,Let's go to the other side of the ice,medium,minor_terminal_punctuation_omission,v1.0
MR-154,TASKA-ZHEN-060,zh-en,Mandarin Chinese,English,FradSer/OpenSubtitles-en-zh-cn-20m,,train,17207267,You usually hide and eat it in secret.,你不是平时偷偷吃的吗,You usually hide and eat it in secret.,You usually hide it in secret.,low,substantial_contiguous_content_omission,v1.0
MR-155,TASKA-ZHEN-020,zh-en,Mandarin Chinese,English,FradSer/OpenSubtitles-en-zh-cn-20m,,train,881203,The conductor: What did he think of you?,检票员怎么想你的?,The conductor: What did he think of you?,The conductor: What did he think of you,medium,minor_terminal_punctuation_omission,v1.0
MR-156,TASKA-ENZH-044,en-zh,English,Mandarin Chinese,FradSer/OpenSubtitles-en-zh-cn-20m,,train,13814801,"Honey, there was one time that daddy's team was losing and I was on the bench.",宝贝 曾经有一次 爸爸那队输了 而我当时在坐板凳,宝贝 曾经有一次 爸爸那队输了 而我当时在坐板凳,宝贝 曾经有一次 爸爸那队输 而我当时在坐板凳,medium,minor_function_character_omission,v1.0
MR-157,TASKA-ENZH-077,en-zh,English,Mandarin Chinese,FradSer/OpenSubtitles-en-zh-cn-20m,,train,1801753,"Boss, have you fixed everything?",老板，那些东西搞掂了没有？,老板，那些东西搞掂了没有？,老板，那些东西搞掂了没有？,high,reference_preserved_no_intentional_error,v1.0
MR-158,TASKA-ZHEN-008,zh-en,Mandarin Chinese,English,FradSer/OpenSubtitles-en-zh-cn-20m,,train,15870449,I'm in no position to do that.,我的立场怎么争取啊？,I'm in no position to do that.,I'm in no position to do that.,high,reference_preserved_no_intentional_error,v1.0
MR-159,TASKA-ENZH-063,en-zh,English,Mandarin Chinese,FradSer/OpenSubtitles-en-zh-cn-20m,,train,1350730,"With some work I can dig that grille out of there, enlarge the hole and get into the utility corridor, that might lead to the roof.",如果我继续撬 把那铁栅撬起，扩大那个洞 就能通往一条通道，进入天台,如果我继续撬 把那铁栅撬起，扩大那个洞 就能通往一条通道，进入天台,如果我继续撬 把那铁栅,very_low,severe_translation_omission,v1.0
MR-160,TASKA-ZHEN-089,zh-en,Mandarin Chinese,English,FradSer/OpenSubtitles-en-zh-cn-20m,,train,4098999,This can't be it.,不会就这样吧？,This can't be it.,不会就这样吧？,very_low,wrong_language_source_copy,v1.0
MR-161,TASKA-ZHEN-069,zh-en,Mandarin Chinese,English,FradSer/OpenSubtitles-en-zh-cn-20m,,train,16461656,"This is very kind of you, Sir Henry.",亨利爵士，你真是太慷慨了,"This is very kind of you, Sir Henry.",亨利爵士，你真是太慷慨了,very_low,wrong_language_source_copy,v1.0
MR-162,TASKA-ENZH-096,en-zh,English,Mandarin Chinese,FradSer/OpenSubtitles-en-zh-cn-20m,,train,11810654,I tol them last night.,昨晚我就告诉他们了,昨晚我就告诉他们了,昨晚我就告诉他们了,high,reference_preserved_no_intentional_error,v1.0
MR-163,TASKA-ENZH-029,en-zh,English,Mandarin Chinese,FradSer/OpenSubtitles-en-zh-cn-20m,,train,9361901,"My mother says she found my father the evening of the 9th... and called the doctor, who established his death.",我母亲说 她在9号晚上发现我父亲 然后叫了医生 医生确定他死亡了,我母亲说 她在9号晚上发现我父亲 然后叫了医生 医生确定他死亡了,我母亲说 她在9号晚上发,very_low,severe_translation_omission,v1.0
MR-164,TASKA-ZHEN-051,zh-en,Mandarin Chinese,English,FradSer/OpenSubtitles-en-zh-cn-20m,,train,108894,"You see, Nepeya, just why I have to bring about this alliance.",这是我要缔结这个同盟的原因,"You see, Nepeya, just why I have to bring about this alliance.","You see, Nepeya, just bring about this alliance.",low,substantial_contiguous_content_omission,v1.0
MR-165,TASKA-ENZH-066,en-zh,English,Mandarin Chinese,FradSer/OpenSubtitles-en-zh-cn-20m,,train,4626058,"Hey, they're giving away free money!","嘿,他们在发钱!","嘿,他们在发钱!","嘿,他",very_low,severe_translation_omission,v1.0
MR-166,TASKA-ZHEN-074,zh-en,Mandarin Chinese,English,FradSer/OpenSubtitles-en-zh-cn-20m,,train,16977226,It just looks smaller 'cause of me stuff.,-看起来更小是因为堆了我的东西,It just looks smaller 'cause of me stuff.,It just looks smaller 'cause of me stuff.,high,reference_preserved_no_intentional_error,v1.0
MR-167,TASKA-ENZH-033,en-zh,English,Mandarin Chinese,FradSer/OpenSubtitles-en-zh-cn-20m,,train,14193775,But I had no idea things would turn out like this!,但我也没有想到 会变成今天这个样子,但我也没有想到 会变成今天这个样子,But I had no idea things would turn out like this!,very_low,wrong_language_source_copy,v1.0
MR-168,TASKA-ZHEN-014,zh-en,Mandarin Chinese,English,FradSer/OpenSubtitles-en-zh-cn-20m,,train,17848730,And you came up with blackmail?,然后你们想出了勒索的主意？,And you came up with blackmail?,And you with blackmail?,low,substantial_contiguous_content_omission,v1.0
MR-169,TASKA-ZHEN-049,zh-en,Mandarin Chinese,English,FradSer/OpenSubtitles-en-zh-cn-20m,,train,14231375,You joined a club?,你加入了社团吗？,You joined a club?,You joined club?,low,meaningful_content_word_omission,v1.0
MR-170,TASKA-ZHEN-067,zh-en,Mandarin Chinese,English,FradSer/OpenSubtitles-en-zh-cn-20m,,train,3472946,What are you doin' home?,你在家做什么？,What are you doin' home?,What are you doin' home,medium,minor_terminal_punctuation_omission,v1.0
MR-171,TASKA-ZHEN-068,zh-en,Mandarin Chinese,English,FradSer/OpenSubtitles-en-zh-cn-20m,,train,257935,"Feel it, but don't try it.",想就好 但别试,"Feel it, but don't try it.",Feel it but don't try it.,medium,minor_punctuation_omission,v1.0
MR-172,TASKA-ENZH-078,en-zh,English,Mandarin Chinese,FradSer/OpenSubtitles-en-zh-cn-20m,,train,17705794,I don't think you're gonna do it.,我觉得你不会打的,我觉得你不会打的,I don't think you're gonna do it.,very_low,wrong_language_source_copy,v1.0
MR-173,TASKA-ZHEN-010,zh-en,Mandarin Chinese,English,FradSer/OpenSubtitles-en-zh-cn-20m,,train,19320532,Can everyone else see the British woman?,你们其他人能看见这个英国女人吗？,Can everyone else see the British woman?,Can everyone else see the British woman?,high,reference_preserved_no_intentional_error,v1.0
MR-174,TASKA-ENZH-005,en-zh,English,Mandarin Chinese,FradSer/OpenSubtitles-en-zh-cn-20m,,train,5062057,"- lt might be the fire, Burt.",- 是来灭火吧 伯特,- 是来灭火吧 伯特,"- lt might be the fire, Burt.",very_low,wrong_language_source_copy,v1.0
MR-175,TASKA-ZHEN-055,zh-en,Mandarin Chinese,English,FradSer/OpenSubtitles-en-zh-cn-20m,,train,16874748,Thank you so much for that encouraging pep talk.,非常感谢你令人振奋的动员谈话,Thank you so much for that encouraging pep talk.,Thank you so much for that encouraging pep talk,medium,minor_terminal_punctuation_omission,v1.0
MR-176,TASKA-ENZH-048,en-zh,English,Mandarin Chinese,FradSer/OpenSubtitles-en-zh-cn-20m,,train,7336273,It takes years. Years. Hello.,要花很多年的,要花很多年的,要花很多年,medium,minor_function_character_omission,v1.0
MR-177,TASKA-ENZH-026,en-zh,English,Mandarin Chinese,FradSer/OpenSubtitles-en-zh-cn-20m,,train,11099514,Where did you get the grass?,什么是大麻。,什么是大麻。,什么,very_low,severe_translation_omission,v1.0
MR-178,TASKA-ZHEN-075,zh-en,Mandarin Chinese,English,FradSer/OpenSubtitles-en-zh-cn-20m,,train,11809221,We're oing a run toay?,我们今天要去找补给吗,We're oing a run toay?,We're run toay?,low,substantial_contiguous_content_omission,v1.0
MR-179,TASKA-ENZH-034,en-zh,English,Mandarin Chinese,FradSer/OpenSubtitles-en-zh-cn-20m,,train,19478961,"I commanded my battle lord to deliver the helmet... to our swiftest rider, Ven Salafin.",我命令我的领主把头盔交给我们最快的骑士，文·萨拉芬。,我命令我的领主把头盔交给我们最快的骑士，文·萨拉芬。,我命令我的领主把快的骑士，文·萨拉芬。,low,substantial_contiguous_content_omission,v1.0
MR-180,TASKA-ZHEN-078,zh-en,Mandarin Chinese,English,FradSer/OpenSubtitles-en-zh-cn-20m,,train,3806703,I could use the expertise of someone like yourself to help solve this case.,我需要象你这样的专家来帮助破案.,I could use the expertise of someone like yourself to help solve this case.,I could use the expertise of someone like yourself to help solve this case,medium,minor_terminal_punctuation_omission,v1.0
MR-181,TASKA-ENZH-009,en-zh,English,Mandarin Chinese,FradSer/OpenSubtitles-en-zh-cn-20m,,train,8080906,"No, sir. It happened so fast.",没有，警官，一切都发生的太快了,没有，警官，一切都发生的太快了,没有，警官，生的太快了,low,substantial_contiguous_content_omission,v1.0
MR-182,TASKA-ZHEN-027,zh-en,Mandarin Chinese,English,FradSer/OpenSubtitles-en-zh-cn-20m,,train,1604037,"- No, that wasn't it!",不对，不是这样的,"- No, that wasn't it!",不对，不是这样的,very_low,wrong_language_source_copy,v1.0
MR-183,TASKA-ENZH-082,en-zh,English,Mandarin Chinese,FradSer/OpenSubtitles-en-zh-cn-20m,,train,18539665,"Orobas's family power, Trauma.","欧罗巴斯家 家系能力""幻灯(心理阴影)""","欧罗巴斯家 家系能力""幻灯(心理阴影)""","欧罗巴斯家 ""幻灯(心理阴影)""",low,substantial_contiguous_content_omission,v1.0
MR-184,TASKA-ZHEN-040,zh-en,Mandarin Chinese,English,FradSer/OpenSubtitles-en-zh-cn-20m,,train,19257619,Looks like you have it already.,你已经有我的号码了?,Looks like you have it already.,Looks like you have it already.,high,reference_preserved_no_intentional_error,v1.0
MR-185,TASKA-ZHEN-066,zh-en,Mandarin Chinese,English,FradSer/OpenSubtitles-en-zh-cn-20m,,train,9600288,He may still be alive.,他可能还活着。,He may still be alive.,He may still be alive.,high,reference_preserved_no_intentional_error,v1.0
MR-186,TASKA-ZHEN-090,zh-en,Mandarin Chinese,English,FradSer/OpenSubtitles-en-zh-cn-20m,,train,13637464,"They believe Mr. Breivik, who was responsible for the attack suffers from paranoid schizophrenia, and has done so for several years.",他们认为布雷维克先生... ...患有偏狂型精神分裂症 并已经患病多年,"They believe Mr. Breivik, who was responsible for the attack suffers from paranoid schizophrenia, and has done so for several years.","They believe Mr. Breivik, who was responsible schizophrenia, and has done so for several years.",low,substantial_contiguous_content_omission,v1.0
MR-187,TASKA-ENZH-010,en-zh,English,Mandarin Chinese,FradSer/OpenSubtitles-en-zh-cn-20m,,train,271722,First thing we did when the hot rays of the sun came again was to build a Shinto shrine to speed our prayers.,炎热的阳光再现的时候，我们第一件做的事 就是搭建一个神道祠来努力祈祷,炎热的阳光再现的时候，我们第一件做的事 就是搭建一个神道祠来努力祈祷,炎热的阳光再现的时候，我建一个神道祠来努力祈祷,low,substantial_contiguous_content_omission,v1.0
MR-188,TASKA-ZHEN-045,zh-en,Mandarin Chinese,English,FradSer/OpenSubtitles-en-zh-cn-20m,,train,9848230,- That you're moving out.,-告诉我你搬出去了呗,- That you're moving out.,-告诉我你搬出去了呗,very_low,wrong_language_source_copy,v1.0
MR-189,TASKA-ENZH-079,en-zh,English,Mandarin Chinese,FradSer/OpenSubtitles-en-zh-cn-20m,,train,4474117,Come look at this.,过来看看。,过来看看。,过来,very_low,severe_translation_omission,v1.0
MR-190,TASKA-ZHEN-033,zh-en,Mandarin Chinese,English,FradSer/OpenSubtitles-en-zh-cn-20m,,train,13436947,But I had what you call... an epiphany.,但后来我有了所谓的... 顿悟,But I had what you call... an epiphany.,But I had what you call... an epiphany.,high,reference_preserved_no_intentional_error,v1.0
MR-191,TASKA-ZHEN-062,zh-en,Mandarin Chinese,English,FradSer/OpenSubtitles-en-zh-cn-20m,,train,18071765,So Dong-seok should be sitting by himself!,那哥哥应该自己坐好啊,So Dong-seok should be sitting by himself!,So Dong-seok should be sitting by himself!,high,reference_preserved_no_intentional_error,v1.0
MR-192,TASKA-ENZH-024,en-zh,English,Mandarin Chinese,FradSer/OpenSubtitles-en-zh-cn-20m,,train,13885161,I've never seen him that angry before.,我第一次看到他发那么大的火,我第一次看到他发那么大的火,我第一次看到他发那么大的火,high,reference_preserved_no_intentional_error,v1.0
MR-193,TASKA-ZHEN-093,zh-en,Mandarin Chinese,English,FradSer/OpenSubtitles-en-zh-cn-20m,,train,11021844,Getting a little snug up there.,有一点发烫吧，我敢打赌,Getting a little snug up there.,有一点发烫吧，我敢打赌,very_low,wrong_language_source_copy,v1.0
MR-194,TASKA-ZHEN-024,zh-en,Mandarin Chinese,English,FradSer/OpenSubtitles-en-zh-cn-20m,,train,16711384,Helena told me to come here. How is she?,海伦娜叫我来这里的 她怎么样？,Helena told me to come here. How is she?,Helena told me to come here. How is she?,high,reference_preserved_no_intentional_error,v1.0
MR-195,TASKA-ZHEN-097,zh-en,Mandarin Chinese,English,FradSer/OpenSubtitles-en-zh-cn-20m,,train,10905665,"- Well, find someone who does!",找出来谁干的！,"- Well, find someone who does!",找出来谁干的！,very_low,wrong_language_source_copy,v1.0
MR-196,TASKA-ENZH-018,en-zh,English,Mandarin Chinese,FradSer/OpenSubtitles-en-zh-cn-20m,,train,2648350,Lucy rose from her grave and attacked me.,露西从她的坟墓里复活 袭击了我,露西从她的坟墓里复活 袭击了我,露西从她的活 袭击了我,low,substantial_contiguous_content_omission,v1.0
MR-197,TASKA-ENZH-019,en-zh,English,Mandarin Chinese,FradSer/OpenSubtitles-en-zh-cn-20m,,train,5875016,- I really wanted to tell you before.,- 我以前真的想告诉你,- 我以前真的想告诉你,- 我以前告诉你,low,substantial_contiguous_content_omission,v1.0
MR-198,TASKA-ZHEN-050,zh-en,Mandarin Chinese,English,FradSer/OpenSubtitles-en-zh-cn-20m,,train,2308253,I'll try for the day after tomorrow,我争取后天修好。,I'll try for the day after tomorrow,I'll try the day after tomorrow,medium,minor_function_word_omission,v1.0
MR-199,TASKA-ENZH-054,en-zh,English,Mandarin Chinese,FradSer/OpenSubtitles-en-zh-cn-20m,,train,8098565,"Take a month. Hell, take a year.",拿1個月，乾脆拿1年,拿1個月，乾脆拿1年,拿1個月乾脆拿1年,medium,minor_punctuation_omission,v1.0
MR-200,TASKA-ENZH-031,en-zh,English,Mandarin Chinese,FradSer/OpenSubtitles-en-zh-cn-20m,,train,16125946,Educate me as to why.,告诉我为什么,告诉我为什么,告诉我为什么,high,reference_preserved_no_intentional_error,v1.0
